motif_id	motif_alt_id	sequence_name	start	stop	strand	score	p-value	q-value	matched_sequence
MA0452.2	Kr	dm6_ct_UserTrack_3545_5	413	426	+	13.7377	1.44e-05	0.013	ATAAACCCTTTTGG
MA0533.1	su(Hw)	dm6_ct_UserTrack_3545_5	6	26	+	11.9694	1.87e-05	0.0176	GTTTAAAAGTATGCCAACAGA
MA0243.1	sd	dm6_ct_UserTrack_3545_5	247	258	-	11.1485	2.28e-05	0.021	GTCATTCATCGT
MA0237.2	pan	dm6_ct_UserTrack_3545_5	279	292	+	12.7927	2.74e-05	0.0257	GCGCTCTCTTGGAT
MA0049.1	hb	dm6_ct_UserTrack_3545_5	159	168	+	11.2178	6.94e-05	0.0634	GCACAAAAAT
MA11111.1	mes2	dm6_ct_UserTrack_3545_5	181	189	+	11.1585	7.33e-05	0.032	TGGCAAAAA
MA0205.1	Trl	dm6_ct_UserTrack_3545_5	279	288	+	10.4634	8.05e-05	0.0773	GCGCTCTCTT
MA11111.1	mes2	dm6_ct_UserTrack_3545_5	490	498	-	10.8171	9.43e-05	0.032	TTGCCAAAG
MA0459.1	tll	dm6_ct_UserTrack_3545_5	381	390	+	9.7191	9.44e-05	0.09	TGAAGTCAAG
MA11111.1	mes2	dm6_ct_UserTrack_3545_5	198	206	+	10.8049	9.84e-05	0.032	TGGCCAATA

# FIMO (Find Individual Motif Occurrences): Version 5.0.5 compiled on Jul 31 2019 at 10:58:47
# The format of this file is described at http://meme-suite.org//doc/fimo-output-format.html.
# fimo -o Output_fimo/Notdiff_regulated_fimo/fimo154 Latest_JASPAR.txt FASTA/Notdiff_Regulated/154.txt
